{"cameraMode":{"drawMode":0,"name":"Shaded","section":"Shading Mode"},"sceneLighting":true,"audioPlay":false,"sceneViewState":{"showFog":true,"showMaterialUpdate":false,"showSkybox":true,"showFlares":true,"showImageEffects":true,"showParticleSystems":true},"in2DMode":false,"pivot":{"x":226.65908813476563,"y":-261.5995788574219,"z":361.6304016113281},"rotation":{"x":-0.36103716492652895,"y":-0.13470958173274995,"z":0.05279194936156273,"w":-0.921259343624115},"size":212.53616333007813,"orthographic":false}